{
  "race": {
    "precision": 0.9166666666666666,
    "recall": 1.0,
    "f1-score": 0.9565217391304348,
    "support": 22,
    "confused_with": {}
  },
  "is_first_year": {
    "precision": 0.8888888888888888,
    "recall": 0.8888888888888888,
    "f1-score": 0.8888888888888888,
    "support": 9,
    "confused_with": {
      "is_first_time": 1
    }
  },
  "year.to": {
    "precision": 1.0,
    "recall": 0.3333333333333333,
    "f1-score": 0.5,
    "support": 6,
    "confused_with": {
      "year.from": 4
    }
  },
  "year": {
    "precision": 1.0,
    "recall": 1.0,
    "f1-score": 1.0,
    "support": 1,
    "confused_with": {}
  },
  "degree-goal": {
    "precision": 1.0,
    "recall": 1.0,
    "f1-score": 1.0,
    "support": 7,
    "confused_with": {}
  },
  "enrollment_status": {
    "precision": 1.0,
    "recall": 1.0,
    "f1-score": 1.0,
    "support": 5,
    "confused_with": {}
  },
  "student_level": {
    "precision": 0.9,
    "recall": 0.9,
    "f1-score": 0.9,
    "support": 10,
    "confused_with": {}
  },
  "gender": {
    "precision": 1.0,
    "recall": 1.0,
    "f1-score": 1.0,
    "support": 5,
    "confused_with": {}
  },
  "undergraduate_grade_level": {
    "precision": 1.0,
    "recall": 1.0,
    "f1-score": 1.0,
    "support": 4,
    "confused_with": {}
  },
  "year.from": {
    "precision": 0.6363636363636364,
    "recall": 1.0,
    "f1-score": 0.7777777777777778,
    "support": 7,
    "confused_with": {}
  },
  "is_first_time": {
    "precision": 0.9090909090909091,
    "recall": 1.0,
    "f1-score": 0.9523809523809523,
    "support": 10,
    "confused_with": {}
  },
  "\"race\"": {
    "precision": 1.0,
    "recall": 1.0,
    "f1-score": 1.0,
    "support": 1,
    "confused_with": {}
  },
  "micro avg": {
    "precision": 0.9,
    "recall": 0.9310344827586207,
    "f1-score": 0.9152542372881356,
    "support": 87
  },
  "macro avg": {
    "precision": 0.937584175084175,
    "recall": 0.9268518518518518,
    "f1-score": 0.9146307798481712,
    "support": 87
  },
  "weighted avg": {
    "precision": 0.9162312783002438,
    "recall": 0.9310344827586207,
    "f1-score": 0.9081808302198107,
    "support": 87
  },
  "accuracy": 0.9807321772639692
}